car_id,brand,model,year,color,engine_type,transmission,price,quantity_in_stock,status
C0001,Toyota,Camry,2023,Red,Petrol,Automatic,80338.0,6,Available
C0002,Tesla,Model 3,2019,Red,Electric,Manual,26438.0,16,Available
C0003,Nissan,Qashqai,2018,Blue,Electric,Automatic,50158.0,20,Available
C0004,Hyundai,Sonata,2025,Red,Hybrid,Automatic,33026.0,3,Available
C0005,Toyota,RAV4,2016,White,Hybrid,Manual,79673.0,9,Reserved
C0006,Hyundai,Elantra,2019,White,Diesel,Automatic,94225.0,17,Sold
C0007,Mercedes,C-Class,2020,Gray,Petrol,Manual,21344.0,7,Reserved
C0008,Tesla,Model 3,2021,Gray,Hybrid,Manual,48814.0,14,Reserved
C0009,BMW,3 Series,2017,Blue,Electric,Manual,34430.0,14,Sold
C0010,Tesla,Model S,2015,Red,Hybrid,Manual,42137.0,0,Sold
C0011,Tesla,Model 3,2017,Silver,Electric,Automatic,17337.0,3,Available
C0012,Tesla,Model S,2016,Gray,Electric,Manual,78179.0,13,Reserved
C0013,Hyundai,Sonata,2018,Blue,Diesel,Manual,92616.0,2,Sold
C0014,Toyota,RAV4,2024,Silver,Hybrid,Automatic,97512.0,18,Reserved
C0015,Nissan,Altima,2019,Blue,Diesel,Manual,89268.0,17,Reserved
C0016,BMW,3 Series,2024,Black,Petrol,Manual,36006.0,10,Reserved
C0017,Nissan,Qashqai,2018,Silver,Petrol,Automatic,30586.0,2,Reserved
C0018,Nissan,Qashqai,2016,Black,Petrol,Manual,71105.0,15,Reserved
C0019,Tesla,Model S,2019,White,Diesel,Manual,24426.0,2,Sold
C0020,Toyota,Camry,2022,Blue,Electric,Manual,68271.0,2,Sold
C0021,BMW,3 Series,2020,Red,Diesel,Automatic,60882.0,19,Available
C0022,Tesla,Model X,2018,Red,Diesel,Automatic,40366.0,18,Sold
C0023,Tesla,Model 3,2024,Silver,Diesel,Automatic,51077.0,20,Reserved
C0024,Mercedes,E-Class,2019,Blue,Petrol,Manual,33547.0,8,Sold
C0025,Nissan,Altima,2016,Silver,Petrol,Manual,48205.0,2,Available
C0026,BMW,3 Series,2023,Black,Electric,Automatic,94847.0,5,Sold
C0027,Mercedes,E-Class,2020,Gray,Hybrid,Manual,30021.0,8,Available
C0028,Kia,Sportage,2016,Blue,Hybrid,Manual,64477.0,10,Sold
C0029,Tesla,Model 3,2024,Silver,Hybrid,Manual,87084.0,11,Sold
C0030,Hyundai,Tucson,2022,Gray,Diesel,Manual,30893.0,0,Available
C0031,Mercedes,E-Class,2016,Silver,Petrol,Automatic,66366.0,5,Reserved
C0032,Tesla,Model X,2018,Blue,Petrol,Automatic,65577.0,10,Reserved
C0033,Tesla,Model 3,2020,White,Petrol,Manual,21841.0,10,Sold
C0034,Toyota,Camry,2023,Blue,Petrol,Automatic,89206.0,18,Available
C0035,Kia,Cerato,2023,Blue,Hybrid,Manual,65267.0,5,Sold
C0036,Toyota,Camry,2017,Red,Electric,Automatic,22685.0,13,Available
C0037,Kia,Sportage,2024,Red,Diesel,Manual,18249.0,15,Sold
C0038,Nissan,Altima,2017,White,Electric,Automatic,17943.0,17,Available
C0039,Kia,Cerato,2022,Gray,Hybrid,Automatic,79781.0,19,Available
C0040,Tesla,Model X,2016,White,Diesel,Manual,18775.0,15,Sold
C0041,Nissan,Qashqai,2015,Blue,Hybrid,Manual,48152.0,15,Sold
C0042,Mercedes,E-Class,2018,Gray,Hybrid,Automatic,52741.0,19,Reserved
C0043,Hyundai,Sonata,2018,Silver,Diesel,Automatic,24981.0,17,Reserved
C0044,BMW,3 Series,2019,White,Diesel,Automatic,34474.0,8,Sold
C0045,BMW,5 Series,2020,White,Electric,Manual,85822.0,0,Reserved
C0046,BMW,X5,2022,White,Hybrid,Automatic,99941.0,11,Sold
C0047,Tesla,Model S,2019,White,Electric,Manual,37412.0,7,Available
C0048,Mercedes,GLA,2022,Black,Petrol,Automatic,72301.0,17,Available
C0049,Tesla,Model S,2020,Red,Diesel,Automatic,58158.0,5,Sold
C0050,Mercedes,C-Class,2024,Red,Diesel,Manual,88725.0,16,Reserved
C0051,Kia,Sportage,2020,Gray,Diesel,Automatic,29038.0,5,Sold
C0052,Kia,Sportage,2022,Gray,Diesel,Manual,26076.0,20,Available
C0053,Tesla,Model X,2022,Black,Hybrid,Manual,33622.0,13,Sold
C0054,Toyota,Camry,2018,Silver,Hybrid,Manual,30129.0,20,Reserved
C0055,BMW,X5,2015,Blue,Diesel,Automatic,77348.0,16,Available
C0056,Nissan,Sunny,2021,Gray,Diesel,Manual,65877.0,8,Available
C0057,Nissan,Altima,2018,Black,Diesel,Manual,61473.0,18,Available
C0058,Tesla,Model S,2023,Black,Electric,Automatic,94755.0,12,Available
C0059,Kia,Sportage,2020,Gray,Petrol,Manual,91552.0,4,Sold
C0060,Toyota,Corolla,2023,Silver,Diesel,Manual,99129.0,1,Reserved
C0061,Nissan,Sunny,2019,Black,Petrol,Manual,70325.0,19,Available
C0062,Tesla,Model X,2017,Black,Electric,Manual,39427.0,13,Available
C0063,Kia,Seltos,2019,Red,Diesel,Manual,83222.0,16,Sold
C0064,Hyundai,Tucson,2019,Silver,Diesel,Automatic,37129.0,7,Reserved
C0065,Nissan,Altima,2019,Gray,Electric,Manual,46081.0,2,Available
C0066,Mercedes,E-Class,2017,White,Hybrid,Manual,94252.0,11,Reserved
C0067,Hyundai,Elantra,2016,Silver,Diesel,Manual,16671.0,18,Reserved
C0068,Hyundai,Tucson,2018,Black,Diesel,Automatic,47911.0,5,Sold
C0069,Hyundai,Sonata,2023,Blue,Hybrid,Automatic,31313.0,19,Available
C0070,Hyundai,Sonata,2016,Black,Hybrid,Automatic,37639.0,19,Reserved
C0071,Kia,Seltos,2017,Black,Electric,Automatic,53636.0,4,Available
C0072,Mercedes,GLA,2016,Red,Electric,Manual,90776.0,5,Available
C0073,Kia,Sportage,2015,Red,Diesel,Manual,81463.0,15,Reserved
C0074,Hyundai,Tucson,2017,Gray,Electric,Automatic,92662.0,5,Available
C0075,Kia,Seltos,2020,Black,Petrol,Automatic,87777.0,9,Reserved
C0076,Nissan,Qashqai,2020,Silver,Hybrid,Manual,97778.0,15,Available
C0077,Toyota,RAV4,2018,Black,Electric,Automatic,37286.0,7,Sold
C0078,BMW,3 Series,2020,Blue,Hybrid,Manual,87242.0,2,Available
C0079,Toyota,Corolla,2019,Blue,Diesel,Automatic,86983.0,1,Available
C0080,BMW,X5,2020,White,Petrol,Automatic,97807.0,13,Sold
C0081,Tesla,Model 3,2016,Black,Petrol,Manual,37385.0,12,Reserved
C0082,Tesla,Model S,2015,Gray,Diesel,Automatic,71328.0,16,Sold
C0083,Hyundai,Elantra,2020,Black,Electric,Manual,94839.0,16,Available
C0084,BMW,3 Series,2024,White,Petrol,Manual,45428.0,18,Available
C0085,Mercedes,E-Class,2020,White,Diesel,Manual,92631.0,18,Reserved
C0086,BMW,5 Series,2019,Silver,Hybrid,Automatic,73511.0,14,Available
C0087,Mercedes,GLA,2025,Gray,Hybrid,Manual,68728.0,10,Available
C0088,Kia,Cerato,2024,White,Hybrid,Automatic,92417.0,0,Sold
C0089,Nissan,Qashqai,2018,Red,Electric,Manual,33212.0,14,Reserved
C0090,BMW,5 Series,2019,Silver,Electric,Automatic,17920.0,10,Reserved
C0091,Hyundai,Tucson,2018,Black,Electric,Manual,92700.0,8,Reserved
C0092,Mercedes,GLA,2023,White,Petrol,Automatic,78375.0,10,Available
C0093,Hyundai,Tucson,2019,Blue,Electric,Manual,86289.0,14,Sold
C0094,Tesla,Model 3,2023,Silver,Hybrid,Automatic,35633.0,12,Sold
C0095,Toyota,Camry,2023,White,Hybrid,Manual,74054.0,3,Reserved
C0096,Nissan,Qashqai,2019,White,Petrol,Automatic,61661.0,1,Reserved
C0097,Hyundai,Sonata,2025,White,Diesel,Automatic,56746.0,4,Sold
C0098,Tesla,Model X,2017,Blue,Electric,Automatic,99875.0,17,Reserved
C0099,Hyundai,Tucson,2018,Gray,Diesel,Automatic,38984.0,0,Reserved
C0100,Nissan,Sunny,2018,Blue,Petrol,Manual,74108.0,10,Reserved
C0101,Mercedes,GLA,2015,Silver,Hybrid,Manual,75530.0,11,Sold
C0102,Toyota,Camry,2018,Red,Hybrid,Automatic,95036.0,10,Sold
C0103,Nissan,Altima,2019,Red,Hybrid,Manual,33878.0,5,Available
C0104,Mercedes,C-Class,2020,White,Petrol,Automatic,88830.0,3,Reserved
C0105,Kia,Sportage,2022,White,Diesel,Manual,54845.0,12,Sold
C0106,BMW,5 Series,2023,White,Petrol,Automatic,57449.0,18,Reserved
C0107,Hyundai,Tucson,2021,Gray,Electric,Automatic,46741.0,14,Sold
C0108,BMW,3 Series,2019,Gray,Electric,Automatic,68415.0,14,Sold
C0109,Toyota,RAV4,2022,White,Electric,Manual,97205.0,0,Reserved
C0110,Nissan,Sunny,2018,Gray,Petrol,Manual,40546.0,2,Available
C0111,Kia,Sportage,2016,Black,Petrol,Automatic,96742.0,17,Sold
C0112,Nissan,Altima,2021,Red,Hybrid,Manual,46778.0,10,Sold
C0113,Toyota,RAV4,2024,White,Diesel,Automatic,35195.0,6,Available
C0114,Hyundai,Tucson,2024,Blue,Hybrid,Manual,63367.0,16,Available
C0115,Tesla,Model X,2015,Red,Electric,Manual,98106.0,17,Sold
C0116,Tesla,Model X,2020,Black,Petrol,Automatic,43309.0,0,Reserved
C0117,Toyota,Corolla,2016,Gray,Petrol,Manual,25746.0,14,Reserved
C0118,BMW,X5,2023,Red,Petrol,Automatic,77133.0,13,Sold
C0119,Mercedes,GLA,2018,Black,Hybrid,Manual,23200.0,17,Available
C0120,Nissan,Qashqai,2016,Black,Petrol,Manual,56469.0,2,Reserved
C0121,Nissan,Sunny,2022,Silver,Diesel,Manual,62501.0,20,Reserved
C0122,Tesla,Model 3,2018,Blue,Petrol,Manual,85848.0,20,Available
C0123,Mercedes,E-Class,2021,White,Petrol,Automatic,23631.0,19,Reserved
C0124,Nissan,Sunny,2015,Blue,Diesel,Manual,44875.0,18,Reserved
C0125,Tesla,Model S,2017,Silver,Electric,Automatic,35201.0,9,Available
C0126,Nissan,Sunny,2024,White,Electric,Automatic,67564.0,2,Sold
C0127,Toyota,Camry,2025,Red,Diesel,Manual,93219.0,3,Reserved
C0128,Kia,Seltos,2019,Gray,Diesel,Manual,84135.0,12,Available
C0129,Kia,Sportage,2016,Blue,Hybrid,Automatic,95883.0,15,Reserved
C0130,Mercedes,GLA,2021,White,Hybrid,Automatic,48149.0,6,Available
C0131,Toyota,RAV4,2025,Blue,Electric,Automatic,61924.0,9,Sold
C0132,Hyundai,Sonata,2022,Silver,Electric,Automatic,58246.0,19,Reserved
C0133,Kia,Sportage,2020,Black,Diesel,Manual,20193.0,7,Reserved
C0134,Toyota,Camry,2016,Gray,Diesel,Automatic,51530.0,8,Sold
C0135,Mercedes,C-Class,2015,White,Hybrid,Automatic,55816.0,5,Sold
C0136,BMW,3 Series,2019,Gray,Petrol,Manual,84504.0,20,Sold
C0137,BMW,X5,2016,Silver,Petrol,Manual,49660.0,12,Sold
C0138,Toyota,Camry,2024,Blue,Hybrid,Automatic,71116.0,7,Sold
C0139,Tesla,Model 3,2019,White,Diesel,Automatic,63901.0,13,Available
C0140,BMW,X5,2025,Red,Hybrid,Manual,22543.0,11,Sold
C0141,Tesla,Model X,2022,Gray,Electric,Manual,49552.0,8,Reserved
C0142,Hyundai,Tucson,2016,Blue,Diesel,Automatic,39878.0,5,Available
C0143,BMW,X5,2019,Red,Electric,Manual,97300.0,4,Sold
C0144,BMW,5 Series,2021,Black,Electric,Automatic,71068.0,7,Sold
C0145,Mercedes,C-Class,2019,Blue,Petrol,Manual,89690.0,10,Sold
C0146,Kia,Seltos,2024,White,Petrol,Manual,32150.0,14,Reserved
C0147,Mercedes,GLA,2018,White,Electric,Automatic,40102.0,13,Available
C0148,Toyota,RAV4,2015,Gray,Diesel,Manual,60714.0,13,Reserved
C0149,Nissan,Sunny,2016,White,Diesel,Manual,89010.0,18,Available
C0150,Hyundai,Tucson,2017,Blue,Petrol,Manual,78555.0,10,Available
C0151,Hyundai,Sonata,2017,Gray,Petrol,Manual,44911.0,6,Sold
C0152,Hyundai,Elantra,2022,Red,Hybrid,Automatic,18450.0,1,Sold
C0153,Kia,Cerato,2016,Black,Hybrid,Automatic,86495.0,15,Reserved
C0154,Tesla,Model 3,2018,Silver,Petrol,Manual,41195.0,19,Reserved
C0155,Mercedes,C-Class,2022,Blue,Petrol,Automatic,15064.0,16,Available
C0156,Hyundai,Sonata,2015,Gray,Hybrid,Manual,22780.0,13,Available
C0157,Mercedes,E-Class,2024,Silver,Hybrid,Manual,54478.0,5,Available
C0158,Hyundai,Elantra,2018,White,Hybrid,Manual,15564.0,18,Reserved
C0159,Toyota,RAV4,2019,Black,Diesel,Automatic,37017.0,6,Sold
C0160,BMW,X5,2018,Red,Petrol,Manual,56410.0,20,Sold
C0161,Mercedes,C-Class,2016,Silver,Petrol,Manual,26413.0,8,Reserved
C0162,Nissan,Qashqai,2015,Gray,Electric,Manual,53009.0,7,Available
C0163,Tesla,Model X,2020,Gray,Diesel,Manual,46278.0,17,Reserved
C0164,Tesla,Model S,2023,White,Petrol,Automatic,42465.0,3,Available
C0165,Tesla,Model S,2016,Gray,Petrol,Manual,64280.0,17,Reserved
C0166,Tesla,Model X,2022,White,Petrol,Automatic,44421.0,9,Sold
C0167,Mercedes,GLA,2021,Silver,Hybrid,Automatic,56348.0,6,Available
C0168,Toyota,Camry,2019,Gray,Diesel,Manual,34744.0,20,Reserved
C0169,Toyota,Corolla,2023,White,Petrol,Manual,77946.0,1,Sold
C0170,Toyota,Camry,2024,Black,Electric,Manual,25734.0,14,Sold
C0171,Tesla,Model X,2024,Red,Petrol,Automatic,23724.0,9,Reserved
C0172,Mercedes,C-Class,2015,Gray,Hybrid,Manual,25393.0,8,Sold
C0173,Toyota,Camry,2020,Blue,Petrol,Automatic,57345.0,10,Available
C0174,Toyota,Corolla,2025,White,Electric,Automatic,18522.0,12,Available
C0175,Nissan,Sunny,2024,Gray,Hybrid,Automatic,74816.0,19,Reserved
C0176,BMW,3 Series,2022,Black,Hybrid,Manual,95525.0,6,Reserved
C0177,BMW,5 Series,2021,Red,Petrol,Automatic,94367.0,8,Reserved
C0178,Kia,Cerato,2025,White,Petrol,Automatic,77095.0,6,Sold
C0179,Nissan,Sunny,2020,Gray,Petrol,Manual,43838.0,5,Reserved
C0180,Nissan,Sunny,2025,Blue,Electric,Manual,15713.0,19,Reserved
C0181,Tesla,Model S,2018,Red,Hybrid,Automatic,19270.0,16,Reserved
C0182,Kia,Cerato,2018,Silver,Diesel,Manual,94593.0,16,Available
C0183,Mercedes,E-Class,2022,Red,Petrol,Automatic,40162.0,3,Available
C0184,Kia,Seltos,2015,White,Hybrid,Automatic,90026.0,6,Sold
C0185,Hyundai,Tucson,2015,Gray,Electric,Automatic,22265.0,2,Available
C0186,BMW,X5,2016,Silver,Diesel,Automatic,95629.0,4,Available
C0187,Hyundai,Tucson,2021,Black,Electric,Automatic,62336.0,20,Reserved
C0188,Toyota,Corolla,2018,Red,Diesel,Automatic,62763.0,8,Sold
C0189,BMW,3 Series,2020,Blue,Electric,Manual,66184.0,9,Available
C0190,BMW,5 Series,2023,Blue,Petrol,Manual,42304.0,9,Reserved
C0191,Nissan,Qashqai,2025,Gray,Petrol,Manual,42583.0,4,Available
C0192,Nissan,Sunny,2015,Gray,Diesel,Manual,92711.0,2,Sold
C0193,Toyota,Camry,2020,Black,Petrol,Manual,91143.0,6,Available
C0194,BMW,5 Series,2020,Red,Electric,Manual,47141.0,8,Reserved
C0195,Tesla,Model X,2020,Gray,Diesel,Manual,36872.0,2,Available
C0196,Hyundai,Elantra,2021,Red,Petrol,Automatic,44101.0,14,Available
C0197,Toyota,Camry,2021,Black,Petrol,Automatic,85572.0,18,Available
C0198,Tesla,Model X,2022,White,Hybrid,Automatic,35440.0,12,Available
C0199,Hyundai,Elantra,2025,Silver,Diesel,Manual,42536.0,4,Sold
C0200,Toyota,Corolla,2022,Gray,Petrol,Manual,71250.0,20,Available
C0201,Toyota,Camry,2023,Red,Hybrid,Automatic,57000.0,17,Available
C0202,Mercedes,C-Class,2018,Blue,Diesel,Automatic,35183.0,8,Sold
C0203,Kia,Cerato,2025,Silver,Hybrid,Manual,26695.0,0,Reserved
C0204,Tesla,Model S,2019,Blue,Electric,Manual,19232.0,17,Reserved
C0205,Mercedes,GLA,2018,Black,Electric,Manual,91064.0,9,Sold
C0206,Kia,Sportage,2019,Black,Petrol,Manual,95802.0,1,Reserved
C0207,Nissan,Sunny,2022,Red,Petrol,Manual,36900.0,8,Available
C0208,BMW,3 Series,2024,Blue,Electric,Automatic,43450.0,12,Reserved
C0209,Mercedes,GLA,2023,White,Electric,Manual,49027.0,20,Sold
C0210,Tesla,Model S,2016,Gray,Electric,Automatic,74917.0,13,Available
C0211,Toyota,Camry,2018,Black,Diesel,Automatic,68208.0,18,Sold
C0212,Kia,Cerato,2016,Silver,Electric,Automatic,29138.0,1,Available
C0213,Toyota,Corolla,2018,Red,Electric,Automatic,86748.0,8,Available
C0214,Toyota,RAV4,2023,Black,Diesel,Automatic,64961.0,6,Sold
C0215,Kia,Cerato,2024,Silver,Electric,Manual,56253.0,20,Sold
C0216,BMW,5 Series,2025,Blue,Hybrid,Automatic,66994.0,20,Available
C0217,Kia,Seltos,2025,Silver,Electric,Manual,54557.0,6,Reserved
C0218,Kia,Sportage,2018,Blue,Electric,Automatic,18999.0,10,Available
C0219,Mercedes,GLA,2020,Red,Diesel,Automatic,36444.0,2,Available
C0220,Toyota,Camry,2021,White,Petrol,Manual,27036.0,0,Sold
C0221,Toyota,Camry,2016,White,Diesel,Automatic,32321.0,14,Sold
C0222,Tesla,Model S,2020,Red,Diesel,Automatic,35547.0,0,Available
C0223,Tesla,Model S,2020,White,Petrol,Manual,66031.0,5,Reserved
C0224,BMW,5 Series,2022,Black,Electric,Manual,17317.0,19,Available
C0225,Tesla,Model S,2019,Blue,Petrol,Automatic,30317.0,18,Sold
C0226,Mercedes,GLA,2016,White,Diesel,Manual,73197.0,6,Available
C0227,BMW,3 Series,2015,White,Hybrid,Automatic,33512.0,10,Reserved
C0228,Toyota,Corolla,2021,Gray,Petrol,Manual,80597.0,0,Sold
C0229,Kia,Cerato,2022,Black,Petrol,Manual,49690.0,18,Available
C0230,BMW,3 Series,2016,Blue,Hybrid,Automatic,75684.0,17,Reserved
C0231,Toyota,Camry,2024,White,Petrol,Manual,41319.0,17,Available
C0232,Mercedes,GLA,2018,Gray,Diesel,Automatic,93985.0,17,Reserved
C0233,Toyota,Corolla,2016,Blue,Electric,Automatic,34357.0,15,Available
C0234,Nissan,Qashqai,2022,Gray,Diesel,Automatic,78321.0,11,Available
C0235,Kia,Seltos,2024,Silver,Petrol,Automatic,40426.0,2,Sold
C0236,Mercedes,GLA,2019,Silver,Electric,Manual,99664.0,14,Sold
C0237,Mercedes,GLA,2018,Blue,Hybrid,Manual,92693.0,6,Reserved
C0238,BMW,5 Series,2022,Gray,Electric,Automatic,23452.0,16,Available
C0239,Toyota,Camry,2019,Blue,Electric,Automatic,84198.0,14,Available
C0240,BMW,5 Series,2025,Silver,Electric,Manual,56337.0,0,Sold
C0241,Toyota,RAV4,2018,Red,Hybrid,Automatic,48576.0,10,Available
C0242,Tesla,Model X,2018,Red,Petrol,Automatic,68211.0,0,Available
C0243,Tesla,Model S,2018,Silver,Hybrid,Automatic,63693.0,3,Reserved
C0244,Tesla,Model X,2025,Blue,Hybrid,Manual,67287.0,4,Available
C0245,Mercedes,E-Class,2021,Black,Diesel,Automatic,59861.0,16,Available
C0246,Mercedes,C-Class,2015,Black,Hybrid,Manual,70410.0,20,Available
C0247,Mercedes,GLA,2022,Blue,Petrol,Automatic,45148.0,2,Available
C0248,Nissan,Qashqai,2016,Gray,Hybrid,Manual,72387.0,14,Reserved
C0249,Hyundai,Tucson,2021,White,Petrol,Manual,65307.0,16,Available
C0250,Nissan,Qashqai,2020,Gray,Diesel,Automatic,80443.0,12,Available
C0251,Hyundai,Sonata,2017,Red,Hybrid,Manual,77126.0,5,Available
C0252,Kia,Seltos,2015,Blue,Electric,Manual,65579.0,4,Available
C0253,Nissan,Sunny,2023,Red,Petrol,Automatic,40904.0,14,Reserved
C0254,BMW,X5,2025,Blue,Diesel,Automatic,34443.0,10,Reserved
C0255,BMW,5 Series,2025,Black,Petrol,Automatic,16073.0,0,Reserved
C0256,Nissan,Qashqai,2019,Gray,Diesel,Manual,69403.0,19,Available
C0257,BMW,3 Series,2024,Blue,Diesel,Manual,36852.0,3,Sold
C0258,Toyota,Corolla,2023,Black,Electric,Automatic,76451.0,0,Available
C0259,Kia,Sportage,2024,Black,Diesel,Manual,15433.0,0,Available
C0260,Tesla,Model S,2024,Black,Hybrid,Automatic,75765.0,2,Sold
C0261,Tesla,Model X,2022,Silver,Hybrid,Automatic,60188.0,19,Reserved
C0262,Nissan,Sunny,2017,Red,Diesel,Automatic,15732.0,20,Reserved
C0263,Hyundai,Sonata,2022,White,Hybrid,Manual,82694.0,16,Sold
C0264,Tesla,Model 3,2019,Silver,Hybrid,Manual,70040.0,6,Reserved
C0265,Kia,Seltos,2018,Gray,Petrol,Manual,29781.0,13,Reserved
C0266,Tesla,Model X,2020,White,Hybrid,Automatic,24743.0,0,Available
C0267,BMW,X5,2024,White,Electric,Manual,40159.0,0,Sold
C0268,BMW,5 Series,2022,White,Electric,Manual,77898.0,1,Available
C0269,Nissan,Qashqai,2015,Gray,Electric,Automatic,52804.0,11,Available
C0270,Tesla,Model 3,2024,Black,Electric,Manual,76671.0,3,Reserved
C0271,Nissan,Qashqai,2016,Gray,Diesel,Automatic,60403.0,20,Sold
C0272,BMW,X5,2025,Gray,Electric,Manual,36262.0,13,Sold
C0273,Mercedes,GLA,2019,Silver,Hybrid,Automatic,97570.0,16,Available
C0274,Nissan,Altima,2015,Silver,Electric,Manual,94691.0,17,Sold
C0275,BMW,3 Series,2017,Silver,Electric,Manual,44753.0,11,Sold
C0276,Nissan,Sunny,2025,Blue,Petrol,Automatic,50703.0,4,Reserved
C0277,Nissan,Qashqai,2016,White,Hybrid,Automatic,34256.0,2,Available
C0278,Nissan,Altima,2016,Silver,Petrol,Manual,84962.0,2,Sold
C0279,Kia,Seltos,2015,Red,Electric,Automatic,85933.0,18,Sold
C0280,Tesla,Model 3,2015,Blue,Electric,Automatic,15391.0,18,Reserved
C0281,Tesla,Model S,2020,Black,Petrol,Manual,64086.0,0,Sold
C0282,Mercedes,E-Class,2017,Blue,Hybrid,Automatic,68813.0,14,Reserved
C0283,Toyota,Camry,2022,White,Hybrid,Manual,28195.0,17,Sold
C0284,Mercedes,C-Class,2022,Blue,Electric,Automatic,51668.0,9,Reserved
C0285,Kia,Cerato,2017,White,Diesel,Manual,16765.0,19,Sold
C0286,Nissan,Sunny,2025,Silver,Hybrid,Manual,59081.0,7,Sold
C0287,Hyundai,Sonata,2024,Gray,Diesel,Automatic,52823.0,0,Sold
C0288,BMW,3 Series,2018,Black,Diesel,Automatic,79631.0,14,Sold
C0289,Tesla,Model 3,2025,White,Diesel,Automatic,29873.0,17,Reserved
C0290,Mercedes,GLA,2022,Blue,Diesel,Automatic,99707.0,19,Available
C0291,Kia,Sportage,2018,Silver,Diesel,Manual,76715.0,11,Sold
C0292,Hyundai,Elantra,2022,Blue,Diesel,Automatic,79140.0,9,Sold
C0293,BMW,3 Series,2015,White,Electric,Automatic,69115.0,16,Available
C0294,Nissan,Sunny,2020,Silver,Electric,Automatic,50422.0,13,Reserved
C0295,Hyundai,Elantra,2025,Blue,Hybrid,Manual,97630.0,9,Sold
C0296,Nissan,Qashqai,2019,White,Petrol,Automatic,36489.0,4,Available
C0297,Hyundai,Tucson,2023,Blue,Electric,Manual,83332.0,1,Reserved
C0298,Kia,Seltos,2017,Red,Diesel,Automatic,80850.0,4,Available
C0299,Tesla,Model S,2024,White,Electric,Automatic,53359.0,19,Sold
C0300,Mercedes,C-Class,2015,Silver,Electric,Manual,84003.0,10,Sold
C0301,BMW,X5,2022,Black,Petrol,Automatic,86539.0,17,Available
C0302,Mercedes,C-Class,2022,Black,Electric,Automatic,78238.0,14,Sold
C0303,Tesla,Model X,2020,White,Hybrid,Manual,41005.0,8,Reserved
C0304,BMW,5 Series,2017,Silver,Petrol,Manual,44558.0,16,Available
C0305,Nissan,Altima,2018,Black,Petrol,Manual,68741.0,15,Sold
C0306,Nissan,Qashqai,2021,Blue,Diesel,Manual,80288.0,0,Sold
C0307,Kia,Cerato,2023,Red,Diesel,Manual,18650.0,19,Sold
C0308,BMW,5 Series,2023,Black,Hybrid,Manual,54084.0,11,Sold
C0309,Toyota,Camry,2018,Gray,Hybrid,Manual,19202.0,15,Available
C0310,Hyundai,Elantra,2018,White,Petrol,Automatic,97892.0,5,Available
C0311,Toyota,Corolla,2015,White,Hybrid,Automatic,45662.0,15,Sold
C0312,Hyundai,Elantra,2022,Black,Petrol,Manual,93641.0,6,Available
C0313,Toyota,Camry,2023,Red,Petrol,Manual,66822.0,16,Sold
C0314,Tesla,Model X,2015,Red,Electric,Manual,34144.0,20,Reserved
C0315,Mercedes,E-Class,2016,White,Diesel,Manual,49991.0,3,Reserved
C0316,Toyota,RAV4,2024,Silver,Petrol,Manual,65719.0,5,Available
C0317,Toyota,Camry,2025,Gray,Petrol,Automatic,94065.0,6,Available
C0318,Mercedes,C-Class,2021,Black,Hybrid,Manual,44875.0,2,Sold
C0319,Mercedes,C-Class,2023,Silver,Diesel,Automatic,52256.0,15,Available
C0320,Kia,Cerato,2018,Blue,Diesel,Manual,24694.0,12,Sold
C0321,Mercedes,C-Class,2025,Red,Hybrid,Manual,72244.0,15,Available
C0322,Mercedes,GLA,2024,White,Electric,Manual,76945.0,9,Available
C0323,Kia,Sportage,2021,Gray,Electric,Manual,58061.0,12,Sold
C0324,Nissan,Sunny,2017,White,Petrol,Automatic,49935.0,11,Sold
C0325,Hyundai,Sonata,2023,Red,Diesel,Automatic,64066.0,12,Reserved
C0326,Tesla,Model S,2016,Red,Petrol,Automatic,73631.0,16,Available
C0327,Mercedes,E-Class,2019,Black,Electric,Automatic,91910.0,12,Reserved
C0328,Hyundai,Sonata,2016,Blue,Diesel,Automatic,24042.0,12,Reserved
C0329,Tesla,Model S,2015,Black,Hybrid,Automatic,86885.0,5,Available
C0330,Hyundai,Tucson,2025,White,Diesel,Automatic,39258.0,15,Available
C0331,BMW,X5,2023,Silver,Diesel,Automatic,21666.0,8,Sold
C0332,Nissan,Altima,2023,Black,Diesel,Automatic,43316.0,9,Available
C0333,BMW,3 Series,2019,Blue,Diesel,Manual,86322.0,13,Sold
C0334,BMW,3 Series,2017,White,Diesel,Manual,47843.0,10,Reserved
C0335,Tesla,Model X,2018,White,Diesel,Manual,65421.0,19,Available
C0336,Mercedes,C-Class,2025,Blue,Electric,Manual,93745.0,8,Reserved
C0337,Nissan,Qashqai,2018,Black,Electric,Automatic,26411.0,20,Available
C0338,Nissan,Sunny,2023,Red,Hybrid,Automatic,90238.0,1,Sold
C0339,Tesla,Model S,2019,Gray,Hybrid,Manual,92883.0,10,Sold
C0340,Kia,Seltos,2019,Black,Electric,Automatic,53012.0,20,Reserved
C0341,Kia,Seltos,2022,Blue,Petrol,Manual,35862.0,7,Sold
C0342,Nissan,Qashqai,2016,Red,Petrol,Automatic,30351.0,18,Available
C0343,Nissan,Sunny,2019,Red,Hybrid,Manual,83160.0,19,Sold
C0344,Nissan,Altima,2017,Red,Electric,Automatic,82071.0,11,Available
C0345,Hyundai,Tucson,2017,White,Diesel,Automatic,86871.0,5,Reserved
C0346,Nissan,Altima,2021,White,Diesel,Manual,52056.0,7,Reserved
C0347,Nissan,Sunny,2023,Black,Petrol,Manual,51600.0,18,Reserved
C0348,Hyundai,Tucson,2019,Red,Electric,Manual,16689.0,1,Reserved
C0349,Nissan,Qashqai,2017,Gray,Hybrid,Automatic,53217.0,6,Available
C0350,Kia,Seltos,2022,Black,Diesel,Manual,52463.0,15,Sold
C0351,Kia,Seltos,2020,Gray,Petrol,Automatic,30658.0,1,Sold
C0352,Tesla,Model S,2017,Black,Petrol,Automatic,79854.0,9,Reserved
C0353,Tesla,Model X,2019,Red,Electric,Automatic,21728.0,7,Sold
C0354,Toyota,Camry,2018,Black,Diesel,Manual,89064.0,4,Reserved
C0355,Nissan,Sunny,2017,Silver,Diesel,Automatic,66193.0,6,Sold
C0356,Toyota,RAV4,2017,Black,Diesel,Automatic,93494.0,6,Available
C0357,Tesla,Model X,2019,Gray,Hybrid,Automatic,55936.0,0,Sold
C0358,Kia,Seltos,2025,Blue,Electric,Manual,96428.0,8,Sold
C0359,BMW,X5,2022,Red,Petrol,Manual,95666.0,2,Available
C0360,Toyota,RAV4,2023,Black,Electric,Automatic,55890.0,14,Sold
C0361,BMW,X5,2016,White,Petrol,Automatic,96776.0,2,Sold
C0362,Nissan,Qashqai,2022,Silver,Petrol,Manual,75125.0,13,Sold
C0363,Kia,Cerato,2015,Blue,Diesel,Manual,99989.0,3,Available
C0364,Hyundai,Elantra,2024,Black,Diesel,Automatic,24072.0,5,Available
C0365,Kia,Cerato,2023,Red,Petrol,Manual,57296.0,12,Reserved
C0366,Hyundai,Elantra,2022,Black,Petrol,Automatic,56171.0,4,Sold
C0367,Tesla,Model 3,2017,Gray,Diesel,Manual,35857.0,10,Available
C0368,BMW,X5,2017,Silver,Petrol,Manual,72043.0,11,Available
C0369,Nissan,Sunny,2021,White,Diesel,Manual,42813.0,2,Reserved
C0370,Tesla,Model X,2025,Blue,Diesel,Manual,68216.0,1,Reserved
C0371,Hyundai,Tucson,2023,Red,Hybrid,Manual,34069.0,14,Reserved
C0372,Hyundai,Tucson,2024,Black,Petrol,Manual,51462.0,1,Reserved
C0373,Nissan,Altima,2022,Black,Electric,Manual,65385.0,17,Sold
C0374,Toyota,Camry,2017,Silver,Diesel,Automatic,21453.0,20,Reserved
C0375,Mercedes,E-Class,2021,Red,Petrol,Automatic,92158.0,6,Reserved
C0376,Nissan,Sunny,2016,Silver,Electric,Manual,75290.0,18,Sold
C0377,Kia,Sportage,2021,Gray,Electric,Manual,19767.0,7,Reserved
C0378,Kia,Cerato,2016,Gray,Petrol,Automatic,94188.0,13,Available
C0379,BMW,5 Series,2018,Blue,Electric,Manual,15288.0,9,Sold
C0380,Toyota,RAV4,2023,Black,Petrol,Automatic,73265.0,8,Reserved
C0381,Nissan,Altima,2016,Black,Petrol,Automatic,17937.0,1,Sold
C0382,Kia,Sportage,2024,Red,Hybrid,Manual,97407.0,10,Reserved
C0383,Kia,Cerato,2018,Black,Hybrid,Automatic,54266.0,12,Sold
C0384,Tesla,Model 3,2015,Black,Petrol,Automatic,63706.0,1,Available
C0385,Mercedes,E-Class,2019,Silver,Electric,Automatic,23457.0,20,Reserved
C0386,Toyota,Corolla,2018,Gray,Diesel,Automatic,29727.0,1,Sold
C0387,Hyundai,Tucson,2016,Silver,Petrol,Manual,80106.0,13,Available
C0388,Mercedes,E-Class,2020,Black,Electric,Automatic,36180.0,1,Sold
C0389,Toyota,RAV4,2023,Silver,Hybrid,Automatic,74573.0,10,Reserved
C0390,Nissan,Sunny,2023,Blue,Petrol,Automatic,39960.0,1,Reserved
C0391,Nissan,Qashqai,2020,White,Electric,Automatic,88353.0,11,Sold
C0392,Hyundai,Tucson,2018,Red,Hybrid,Automatic,71319.0,15,Reserved
C0393,Toyota,RAV4,2022,Blue,Diesel,Automatic,75783.0,8,Available
C0394,BMW,X5,2016,Black,Diesel,Automatic,38266.0,0,Reserved
C0395,Toyota,RAV4,2025,Gray,Diesel,Automatic,53728.0,10,Sold
C0396,Kia,Sportage,2017,Silver,Hybrid,Manual,69973.0,18,Reserved
C0397,Mercedes,GLA,2024,Blue,Petrol,Automatic,34261.0,3,Reserved
C0398,Nissan,Qashqai,2015,Black,Electric,Manual,41514.0,18,Available
C0399,Kia,Seltos,2015,Red,Petrol,Manual,68707.0,20,Sold
C0400,Toyota,Corolla,2016,Gray,Petrol,Automatic,97026.0,14,Reserved
C0401,Hyundai,Sonata,2025,Silver,Hybrid,Manual,89679.0,1,Sold
C0402,BMW,5 Series,2015,Red,Diesel,Manual,94457.0,18,Available
C0403,Mercedes,GLA,2017,Silver,Electric,Automatic,96698.0,7,Sold
C0404,Kia,Cerato,2021,Red,Petrol,Manual,87910.0,8,Sold
C0405,Tesla,Model X,2023,Black,Hybrid,Automatic,88807.0,11,Reserved
C0406,Toyota,Camry,2018,Gray,Hybrid,Automatic,93762.0,10,Sold
C0407,Kia,Sportage,2015,Silver,Diesel,Automatic,25315.0,16,Available
C0408,BMW,5 Series,2025,Black,Diesel,Manual,52324.0,4,Reserved
C0409,Mercedes,GLA,2024,Blue,Electric,Automatic,72709.0,6,Sold
C0410,Kia,Cerato,2025,Gray,Petrol,Automatic,41377.0,2,Reserved
C0411,Nissan,Sunny,2025,Silver,Electric,Automatic,92928.0,9,Available
C0412,BMW,5 Series,2025,Gray,Petrol,Manual,22417.0,16,Sold
C0413,Kia,Seltos,2021,Silver,Petrol,Manual,95359.0,4,Reserved
C0414,BMW,X5,2018,Red,Electric,Manual,75830.0,0,Available
C0415,Mercedes,C-Class,2022,Red,Petrol,Manual,40627.0,17,Sold
C0416,Mercedes,C-Class,2018,Black,Hybrid,Automatic,36409.0,5,Reserved
C0417,Kia,Seltos,2020,Black,Hybrid,Automatic,97010.0,13,Available
C0418,Mercedes,E-Class,2024,Silver,Hybrid,Automatic,33747.0,17,Reserved
C0419,Hyundai,Elantra,2024,Blue,Electric,Automatic,26590.0,7,Sold
C0420,Tesla,Model X,2021,Black,Diesel,Automatic,99308.0,5,Reserved
C0421,Nissan,Sunny,2024,White,Electric,Automatic,67664.0,6,Available
C0422,BMW,5 Series,2024,Silver,Diesel,Automatic,24444.0,10,Sold
C0423,Kia,Cerato,2019,Gray,Electric,Automatic,70595.0,4,Sold
C0424,Nissan,Qashqai,2020,Blue,Petrol,Manual,70389.0,9,Available
C0425,Toyota,RAV4,2019,White,Diesel,Manual,20378.0,12,Available
C0426,Hyundai,Tucson,2017,Black,Diesel,Manual,72164.0,4,Reserved
C0427,Kia,Cerato,2022,Black,Hybrid,Manual,81522.0,1,Sold
C0428,Mercedes,E-Class,2016,Black,Hybrid,Manual,46983.0,0,Reserved
C0429,Mercedes,GLA,2025,Gray,Petrol,Manual,86656.0,12,Reserved
C0430,Nissan,Sunny,2017,Red,Diesel,Automatic,21393.0,6,Reserved
C0431,Hyundai,Tucson,2017,Silver,Petrol,Automatic,90207.0,2,Available
C0432,Nissan,Sunny,2015,Red,Hybrid,Automatic,49079.0,14,Available
C0433,Nissan,Altima,2015,Gray,Hybrid,Manual,72227.0,3,Sold
C0434,Mercedes,E-Class,2019,Red,Petrol,Manual,45192.0,15,Sold
C0435,Tesla,Model X,2016,Gray,Electric,Automatic,25337.0,3,Reserved
C0436,Mercedes,GLA,2018,White,Diesel,Manual,67934.0,12,Available
C0437,Nissan,Sunny,2025,Gray,Electric,Automatic,99670.0,7,Available
C0438,Toyota,Camry,2020,Blue,Electric,Manual,62585.0,14,Reserved
C0439,Hyundai,Tucson,2025,Gray,Diesel,Automatic,70577.0,17,Sold
C0440,Tesla,Model 3,2016,Red,Electric,Manual,77163.0,19,Available
C0441,BMW,3 Series,2019,Silver,Petrol,Manual,99719.0,6,Reserved
C0442,Nissan,Sunny,2024,Black,Diesel,Manual,90546.0,3,Reserved
C0443,Mercedes,GLA,2019,White,Petrol,Automatic,15041.0,6,Available
C0444,Hyundai,Elantra,2015,Silver,Electric,Automatic,52123.0,19,Available
C0445,Mercedes,C-Class,2022,White,Electric,Automatic,67001.0,7,Sold
C0446,Mercedes,C-Class,2019,Red,Electric,Automatic,96503.0,11,Reserved
C0447,Hyundai,Tucson,2017,White,Hybrid,Automatic,96125.0,13,Reserved
C0448,Toyota,RAV4,2021,White,Petrol,Automatic,81741.0,6,Sold
C0449,Kia,Cerato,2019,Blue,Hybrid,Automatic,42929.0,10,Available
C0450,Hyundai,Tucson,2023,Black,Petrol,Automatic,95415.0,2,Available
C0451,Toyota,Corolla,2020,Black,Electric,Manual,71681.0,5,Reserved
C0452,BMW,X5,2021,Silver,Electric,Manual,96581.0,11,Available
C0453,Tesla,Model X,2024,Black,Diesel,Automatic,39916.0,15,Reserved
C0454,Tesla,Model 3,2016,Black,Petrol,Manual,56317.0,3,Reserved
C0455,Nissan,Qashqai,2023,Gray,Hybrid,Manual,94666.0,0,Sold
C0456,Kia,Sportage,2016,White,Petrol,Manual,18896.0,5,Available
C0457,Mercedes,E-Class,2018,Black,Diesel,Manual,89426.0,8,Available
C0458,Nissan,Sunny,2022,Gray,Hybrid,Manual,21314.0,4,Sold
C0459,Mercedes,C-Class,2015,White,Diesel,Manual,86998.0,18,Available
C0460,Kia,Seltos,2024,Gray,Electric,Automatic,89695.0,10,Available
C0461,Mercedes,C-Class,2023,Gray,Electric,Manual,69816.0,9,Sold
C0462,Kia,Cerato,2020,Gray,Diesel,Manual,70305.0,15,Available
C0463,BMW,3 Series,2025,Black,Petrol,Manual,97547.0,9,Reserved
C0464,Hyundai,Elantra,2023,White,Hybrid,Manual,71865.0,0,Sold
C0465,BMW,X5,2020,Red,Electric,Manual,97326.0,5,Reserved
C0466,Mercedes,E-Class,2015,White,Petrol,Manual,31162.0,5,Reserved
C0467,Nissan,Qashqai,2016,Red,Petrol,Automatic,67754.0,5,Available
C0468,BMW,5 Series,2024,Blue,Electric,Automatic,22865.0,3,Available
C0469,Kia,Seltos,2021,Red,Diesel,Manual,74126.0,4,Available
C0470,Mercedes,E-Class,2018,Red,Diesel,Manual,57973.0,15,Available
C0471,Toyota,RAV4,2016,Silver,Hybrid,Automatic,65330.0,14,Sold
C0472,Hyundai,Sonata,2024,Gray,Petrol,Manual,57968.0,16,Available
C0473,BMW,5 Series,2018,White,Hybrid,Automatic,77674.0,5,Sold
C0474,Hyundai,Elantra,2021,Black,Hybrid,Automatic,96802.0,17,Sold
C0475,Mercedes,C-Class,2025,Gray,Hybrid,Manual,39426.0,10,Sold
C0476,Toyota,Corolla,2025,Blue,Hybrid,Automatic,98035.0,9,Available
C0477,Nissan,Sunny,2016,Gray,Electric,Automatic,63024.0,17,Sold
C0478,Mercedes,GLA,2019,Blue,Electric,Manual,39151.0,13,Reserved
C0479,Tesla,Model X,2019,Blue,Electric,Automatic,95030.0,3,Available
C0480,Toyota,Camry,2020,Blue,Petrol,Automatic,69165.0,7,Available
C0481,Mercedes,E-Class,2023,Gray,Hybrid,Manual,53295.0,12,Available
C0482,Toyota,Camry,2018,Black,Hybrid,Manual,47304.0,3,Reserved
C0483,Kia,Seltos,2020,Blue,Electric,Manual,57979.0,2,Available
C0484,Toyota,Camry,2018,Gray,Petrol,Automatic,35701.0,10,Reserved
C0485,Tesla,Model X,2022,Gray,Petrol,Manual,95461.0,8,Sold
C0486,BMW,3 Series,2023,Silver,Electric,Manual,64129.0,4,Available
C0487,Tesla,Model X,2018,White,Hybrid,Manual,71824.0,2,Available
C0488,Tesla,Model 3,2025,White,Petrol,Automatic,26437.0,15,Sold
C0489,Mercedes,E-Class,2018,White,Electric,Automatic,76993.0,7,Reserved
C0490,BMW,5 Series,2016,Black,Hybrid,Automatic,53229.0,15,Available
C0491,Kia,Seltos,2022,Red,Petrol,Automatic,19841.0,5,Sold
C0492,Tesla,Model 3,2022,Blue,Electric,Manual,16341.0,10,Available
C0493,Toyota,Corolla,2017,Black,Diesel,Automatic,31016.0,19,Reserved
C0494,Toyota,Corolla,2017,White,Electric,Manual,42214.0,19,Reserved
C0495,Tesla,Model S,2018,Black,Diesel,Automatic,97335.0,18,Sold
C0496,BMW,X5,2023,Red,Diesel,Manual,53581.0,14,Available
C0497,Nissan,Altima,2021,Black,Electric,Manual,24234.0,8,Available
C0498,Mercedes,GLA,2018,Red,Petrol,Manual,55535.0,15,Available
C0499,Tesla,Model 3,2025,Blue,Diesel,Manual,59692.0,14,Reserved
C0500,Mercedes,GLA,2024,Blue,Electric,Automatic,75994.0,6,Sold
